installed_name,installed_version,installed_path,installed_dev,installed_optional
@alloc/quick-lru,5.2.0,node_modules/@alloc/quick-lru,True,False
@ampproject/remapping,2.3.0,node_modules/@ampproject/remapping,True,False
@angular-devkit/architect,0.1900.6,node_modules/@angular-devkit/architect,True,False
@angular-devkit/build-angular,19.0.6,node_modules/@angular-devkit/build-angular,True,False
postcss,8.4.49,node_modules/@angular-devkit/build-angular/node_modules/postcss,True,False
postcss,8.5.1,node_modules/postcss,True,False
@angular-devkit/build-webpack,0.1900.6,node_modules/@angular-devkit/build-webpack,True,False
@angular-devkit/core,19.0.6,node_modules/@angular-devkit/core,True,False
@angular-devkit/schematics,19.0.6,node_modules/@angular-devkit/schematics,True,False
@angular/animations,19.0.5,node_modules/@angular/animations,False,False
@angular/build,19.0.6,node_modules/@angular/build,True,False
@angular/cdk,19.0.4,node_modules/@angular/cdk,False,False
@angular/cli,19.0.6,node_modules/@angular/cli,True,False
@angular/common,19.0.5,node_modules/@angular/common,False,False
@angular/compiler,19.0.5,node_modules/@angular/compiler,False,False
@angular/compiler-cli,19.0.5,node_modules/@angular/compiler-cli,True,False
@angular/core,19.0.5,node_modules/@angular/core,False,False
@angular/forms,19.0.5,node_modules/@angular/forms,False,False
@angular/material,19.0.4,node_modules/@angular/material,False,False
@angular/platform-browser,19.0.5,node_modules/@angular/platform-browser,False,False
@angular/platform-browser-dynamic,19.0.5,node_modules/@angular/platform-browser-dynamic,False,False
@angular/router,19.0.5,node_modules/@angular/router,False,False
@babel/code-frame,7.26.2,node_modules/@babel/code-frame,True,False
@babel/compat-data,7.26.3,node_modules/@babel/compat-data,True,False
@babel/core,7.26.0,node_modules/@babel/core,True,False
convert-source-map,2.0.0,node_modules/@babel/core/node_modules/convert-source-map,True,False
convert-source-map,1.9.0,node_modules/convert-source-map,True,False
semver,6.3.1,node_modules/@babel/core/node_modules/semver,True,False
semver,6.3.1,node_modules/@babel/helper-compilation-targets/node_modules/semver,True,False
semver,6.3.1,node_modules/@babel/helper-create-class-features-plugin/node_modules/semver,True,False
semver,6.3.1,node_modules/@babel/helper-create-regexp-features-plugin/node_modules/semver,True,False
semver,6.3.1,node_modules/@babel/plugin-transform-runtime/node_modules/semver,True,False
semver,6.3.1,node_modules/@babel/preset-env/node_modules/semver,True,False
semver,6.3.1,node_modules/babel-plugin-polyfill-corejs2/node_modules/semver,True,False
semver,6.3.1,node_modules/karma-coverage/node_modules/semver,True,False
semver,5.7.2,node_modules/less/node_modules/semver,True,True
semver,7.6.3,node_modules/semver,True,False
@babel/generator,7.26.2,node_modules/@babel/generator,True,False
@babel/generator,7.26.3,node_modules/@babel/traverse/node_modules/@babel/generator,True,False
@babel/helper-annotate-as-pure,7.25.9,node_modules/@babel/helper-annotate-as-pure,True,False
@babel/helper-compilation-targets,7.25.9,node_modules/@babel/helper-compilation-targets,True,False
@babel/helper-create-class-features-plugin,7.25.9,node_modules/@babel/helper-create-class-features-plugin,True,False
@babel/helper-create-regexp-features-plugin,7.26.3,node_modules/@babel/helper-create-regexp-features-plugin,True,False
@babel/helper-define-polyfill-provider,0.6.3,node_modules/@babel/helper-define-polyfill-provider,True,False
@babel/helper-member-expression-to-functions,7.25.9,node_modules/@babel/helper-member-expression-to-functions,True,False
@babel/helper-module-imports,7.25.9,node_modules/@babel/helper-module-imports,True,False
@babel/helper-module-transforms,7.26.0,node_modules/@babel/helper-module-transforms,True,False
@babel/helper-optimise-call-expression,7.25.9,node_modules/@babel/helper-optimise-call-expression,True,False
@babel/helper-plugin-utils,7.25.9,node_modules/@babel/helper-plugin-utils,True,False
@babel/helper-remap-async-to-generator,7.25.9,node_modules/@babel/helper-remap-async-to-generator,True,False
@babel/helper-replace-supers,7.25.9,node_modules/@babel/helper-replace-supers,True,False
@babel/helper-skip-transparent-expression-wrappers,7.25.9,node_modules/@babel/helper-skip-transparent-expression-wrappers,True,False
@babel/helper-split-export-declaration,7.24.7,node_modules/@babel/helper-split-export-declaration,True,False
@babel/helper-string-parser,7.25.9,node_modules/@babel/helper-string-parser,True,False
@babel/helper-validator-identifier,7.25.9,node_modules/@babel/helper-validator-identifier,True,False
@babel/helper-validator-option,7.25.9,node_modules/@babel/helper-validator-option,True,False
@babel/helper-wrap-function,7.25.9,node_modules/@babel/helper-wrap-function,True,False
@babel/helpers,7.26.0,node_modules/@babel/helpers,True,False
@babel/parser,7.26.3,node_modules/@babel/parser,True,False
@babel/plugin-bugfix-firefox-class-in-computed-class-key,7.25.9,node_modules/@babel/plugin-bugfix-firefox-class-in-computed-class-key,True,False
@babel/plugin-bugfix-safari-class-field-initializer-scope,7.25.9,node_modules/@babel/plugin-bugfix-safari-class-field-initializer-scope,True,False
@babel/plugin-bugfix-safari-id-destructuring-collision-in-function-expression,7.25.9,node_modules/@babel/plugin-bugfix-safari-id-destructuring-collision-in-function-expression,True,False
@babel/plugin-bugfix-v8-spread-parameters-in-optional-chaining,7.25.9,node_modules/@babel/plugin-bugfix-v8-spread-parameters-in-optional-chaining,True,False
@babel/plugin-bugfix-v8-static-class-fields-redefine-readonly,7.25.9,node_modules/@babel/plugin-bugfix-v8-static-class-fields-redefine-readonly,True,False
@babel/plugin-proposal-private-property-in-object,7.21.0-placeholder-for-preset-env.2,node_modules/@babel/plugin-proposal-private-property-in-object,True,False
@babel/plugin-syntax-import-assertions,7.26.0,node_modules/@babel/plugin-syntax-import-assertions,True,False
@babel/plugin-syntax-import-attributes,7.26.0,node_modules/@babel/plugin-syntax-import-attributes,True,False
@babel/plugin-syntax-unicode-sets-regex,7.18.6,node_modules/@babel/plugin-syntax-unicode-sets-regex,True,False
@babel/plugin-transform-arrow-functions,7.25.9,node_modules/@babel/plugin-transform-arrow-functions,True,False
@babel/plugin-transform-async-generator-functions,7.25.9,node_modules/@babel/plugin-transform-async-generator-functions,True,False
@babel/plugin-transform-async-to-generator,7.25.9,node_modules/@babel/plugin-transform-async-to-generator,True,False
@babel/plugin-transform-block-scoped-functions,7.25.9,node_modules/@babel/plugin-transform-block-scoped-functions,True,False
@babel/plugin-transform-block-scoping,7.25.9,node_modules/@babel/plugin-transform-block-scoping,True,False
@babel/plugin-transform-class-properties,7.25.9,node_modules/@babel/plugin-transform-class-properties,True,False
@babel/plugin-transform-class-static-block,7.26.0,node_modules/@babel/plugin-transform-class-static-block,True,False
@babel/plugin-transform-classes,7.25.9,node_modules/@babel/plugin-transform-classes,True,False
@babel/plugin-transform-computed-properties,7.25.9,node_modules/@babel/plugin-transform-computed-properties,True,False
@babel/plugin-transform-destructuring,7.25.9,node_modules/@babel/plugin-transform-destructuring,True,False
@babel/plugin-transform-dotall-regex,7.25.9,node_modules/@babel/plugin-transform-dotall-regex,True,False
@babel/plugin-transform-duplicate-keys,7.25.9,node_modules/@babel/plugin-transform-duplicate-keys,True,False
@babel/plugin-transform-duplicate-named-capturing-groups-regex,7.25.9,node_modules/@babel/plugin-transform-duplicate-named-capturing-groups-regex,True,False
@babel/plugin-transform-dynamic-import,7.25.9,node_modules/@babel/plugin-transform-dynamic-import,True,False
@babel/plugin-transform-exponentiation-operator,7.26.3,node_modules/@babel/plugin-transform-exponentiation-operator,True,False
@babel/plugin-transform-export-namespace-from,7.25.9,node_modules/@babel/plugin-transform-export-namespace-from,True,False
@babel/plugin-transform-for-of,7.25.9,node_modules/@babel/plugin-transform-for-of,True,False
@babel/plugin-transform-function-name,7.25.9,node_modules/@babel/plugin-transform-function-name,True,False
@babel/plugin-transform-json-strings,7.25.9,node_modules/@babel/plugin-transform-json-strings,True,False
@babel/plugin-transform-literals,7.25.9,node_modules/@babel/plugin-transform-literals,True,False
@babel/plugin-transform-logical-assignment-operators,7.25.9,node_modules/@babel/plugin-transform-logical-assignment-operators,True,False
@babel/plugin-transform-member-expression-literals,7.25.9,node_modules/@babel/plugin-transform-member-expression-literals,True,False
@babel/plugin-transform-modules-amd,7.25.9,node_modules/@babel/plugin-transform-modules-amd,True,False
@babel/plugin-transform-modules-commonjs,7.26.3,node_modules/@babel/plugin-transform-modules-commonjs,True,False
@babel/plugin-transform-modules-systemjs,7.25.9,node_modules/@babel/plugin-transform-modules-systemjs,True,False
@babel/plugin-transform-modules-umd,7.25.9,node_modules/@babel/plugin-transform-modules-umd,True,False
@babel/plugin-transform-named-capturing-groups-regex,7.25.9,node_modules/@babel/plugin-transform-named-capturing-groups-regex,True,False
@babel/plugin-transform-new-target,7.25.9,node_modules/@babel/plugin-transform-new-target,True,False
@babel/plugin-transform-nullish-coalescing-operator,7.25.9,node_modules/@babel/plugin-transform-nullish-coalescing-operator,True,False
@babel/plugin-transform-numeric-separator,7.25.9,node_modules/@babel/plugin-transform-numeric-separator,True,False
@babel/plugin-transform-object-rest-spread,7.25.9,node_modules/@babel/plugin-transform-object-rest-spread,True,False
@babel/plugin-transform-object-super,7.25.9,node_modules/@babel/plugin-transform-object-super,True,False
@babel/plugin-transform-optional-catch-binding,7.25.9,node_modules/@babel/plugin-transform-optional-catch-binding,True,False
@babel/plugin-transform-optional-chaining,7.25.9,node_modules/@babel/plugin-transform-optional-chaining,True,False
@babel/plugin-transform-parameters,7.25.9,node_modules/@babel/plugin-transform-parameters,True,False
@babel/plugin-transform-private-methods,7.25.9,node_modules/@babel/plugin-transform-private-methods,True,False
@babel/plugin-transform-private-property-in-object,7.25.9,node_modules/@babel/plugin-transform-private-property-in-object,True,False
@babel/plugin-transform-property-literals,7.25.9,node_modules/@babel/plugin-transform-property-literals,True,False
@babel/plugin-transform-regenerator,7.25.9,node_modules/@babel/plugin-transform-regenerator,True,False
@babel/plugin-transform-regexp-modifiers,7.26.0,node_modules/@babel/plugin-transform-regexp-modifiers,True,False
@babel/plugin-transform-reserved-words,7.25.9,node_modules/@babel/plugin-transform-reserved-words,True,False
@babel/plugin-transform-runtime,7.25.9,node_modules/@babel/plugin-transform-runtime,True,False
@babel/plugin-transform-shorthand-properties,7.25.9,node_modules/@babel/plugin-transform-shorthand-properties,True,False
@babel/plugin-transform-spread,7.25.9,node_modules/@babel/plugin-transform-spread,True,False
@babel/plugin-transform-sticky-regex,7.25.9,node_modules/@babel/plugin-transform-sticky-regex,True,False
@babel/plugin-transform-template-literals,7.25.9,node_modules/@babel/plugin-transform-template-literals,True,False
@babel/plugin-transform-typeof-symbol,7.25.9,node_modules/@babel/plugin-transform-typeof-symbol,True,False
@babel/plugin-transform-unicode-escapes,7.25.9,node_modules/@babel/plugin-transform-unicode-escapes,True,False
@babel/plugin-transform-unicode-property-regex,7.25.9,node_modules/@babel/plugin-transform-unicode-property-regex,True,False
@babel/plugin-transform-unicode-regex,7.25.9,node_modules/@babel/plugin-transform-unicode-regex,True,False
@babel/plugin-transform-unicode-sets-regex,7.25.9,node_modules/@babel/plugin-transform-unicode-sets-regex,True,False
@babel/preset-env,7.26.0,node_modules/@babel/preset-env,True,False
@babel/preset-modules,0.1.6-no-external-plugins,node_modules/@babel/preset-modules,True,False
@babel/runtime,7.26.0,node_modules/@babel/runtime,True,False
@babel/template,7.25.9,node_modules/@babel/template,True,False
@babel/traverse,7.26.4,node_modules/@babel/traverse,True,False
@babel/types,7.26.3,node_modules/@babel/types,True,False
@colors/colors,1.5.0,node_modules/@colors/colors,True,False
@discoveryjs/json-ext,0.6.3,node_modules/@discoveryjs/json-ext,True,False
@esbuild/aix-ppc64,0.24.0,node_modules/@esbuild/aix-ppc64,True,True
@esbuild/aix-ppc64,0.21.5,node_modules/vite/node_modules/@esbuild/aix-ppc64,True,True
@esbuild/android-arm,0.24.0,node_modules/@esbuild/android-arm,True,True
@esbuild/android-arm,0.21.5,node_modules/vite/node_modules/@esbuild/android-arm,True,True
@esbuild/android-arm64,0.24.0,node_modules/@esbuild/android-arm64,True,True
@esbuild/android-arm64,0.21.5,node_modules/vite/node_modules/@esbuild/android-arm64,True,True
@esbuild/android-x64,0.24.0,node_modules/@esbuild/android-x64,True,True
@esbuild/android-x64,0.21.5,node_modules/vite/node_modules/@esbuild/android-x64,True,True
@esbuild/darwin-arm64,0.24.0,node_modules/@esbuild/darwin-arm64,True,True
@esbuild/darwin-arm64,0.21.5,node_modules/vite/node_modules/@esbuild/darwin-arm64,True,True
@esbuild/darwin-x64,0.24.0,node_modules/@esbuild/darwin-x64,True,True
@esbuild/darwin-x64,0.21.5,node_modules/vite/node_modules/@esbuild/darwin-x64,True,True
@esbuild/freebsd-arm64,0.24.0,node_modules/@esbuild/freebsd-arm64,True,True
@esbuild/freebsd-arm64,0.21.5,node_modules/vite/node_modules/@esbuild/freebsd-arm64,True,True
@esbuild/freebsd-x64,0.24.0,node_modules/@esbuild/freebsd-x64,True,True
@esbuild/freebsd-x64,0.21.5,node_modules/vite/node_modules/@esbuild/freebsd-x64,True,True
@esbuild/linux-arm,0.24.0,node_modules/@esbuild/linux-arm,True,True
@esbuild/linux-arm,0.21.5,node_modules/vite/node_modules/@esbuild/linux-arm,True,True
@esbuild/linux-arm64,0.24.0,node_modules/@esbuild/linux-arm64,True,True
@esbuild/linux-arm64,0.21.5,node_modules/vite/node_modules/@esbuild/linux-arm64,True,True
@esbuild/linux-ia32,0.24.0,node_modules/@esbuild/linux-ia32,True,True
@esbuild/linux-ia32,0.21.5,node_modules/vite/node_modules/@esbuild/linux-ia32,True,True
@esbuild/linux-loong64,0.24.0,node_modules/@esbuild/linux-loong64,True,True
@esbuild/linux-loong64,0.21.5,node_modules/vite/node_modules/@esbuild/linux-loong64,True,True
@esbuild/linux-mips64el,0.24.0,node_modules/@esbuild/linux-mips64el,True,True
@esbuild/linux-mips64el,0.21.5,node_modules/vite/node_modules/@esbuild/linux-mips64el,True,True
@esbuild/linux-ppc64,0.24.0,node_modules/@esbuild/linux-ppc64,True,True
@esbuild/linux-ppc64,0.21.5,node_modules/vite/node_modules/@esbuild/linux-ppc64,True,True
@esbuild/linux-riscv64,0.24.0,node_modules/@esbuild/linux-riscv64,True,True
@esbuild/linux-riscv64,0.21.5,node_modules/vite/node_modules/@esbuild/linux-riscv64,True,True
@esbuild/linux-s390x,0.24.0,node_modules/@esbuild/linux-s390x,True,True
@esbuild/linux-s390x,0.21.5,node_modules/vite/node_modules/@esbuild/linux-s390x,True,True
@esbuild/linux-x64,0.24.0,node_modules/@esbuild/linux-x64,True,True
@esbuild/linux-x64,0.21.5,node_modules/vite/node_modules/@esbuild/linux-x64,True,True
@esbuild/netbsd-x64,0.24.0,node_modules/@esbuild/netbsd-x64,True,True
@esbuild/netbsd-x64,0.21.5,node_modules/vite/node_modules/@esbuild/netbsd-x64,True,True
@esbuild/openbsd-arm64,0.24.0,node_modules/@esbuild/openbsd-arm64,True,True
@esbuild/openbsd-x64,0.24.0,node_modules/@esbuild/openbsd-x64,True,True
@esbuild/openbsd-x64,0.21.5,node_modules/vite/node_modules/@esbuild/openbsd-x64,True,True
@esbuild/sunos-x64,0.24.0,node_modules/@esbuild/sunos-x64,True,True
@esbuild/sunos-x64,0.21.5,node_modules/vite/node_modules/@esbuild/sunos-x64,True,True
@esbuild/win32-arm64,0.24.0,node_modules/@esbuild/win32-arm64,True,True
@esbuild/win32-arm64,0.21.5,node_modules/vite/node_modules/@esbuild/win32-arm64,True,True
@esbuild/win32-ia32,0.24.0,node_modules/@esbuild/win32-ia32,True,True
@esbuild/win32-ia32,0.21.5,node_modules/vite/node_modules/@esbuild/win32-ia32,True,True
@esbuild/win32-x64,0.24.0,node_modules/@esbuild/win32-x64,True,True
@esbuild/win32-x64,0.21.5,node_modules/vite/node_modules/@esbuild/win32-x64,True,True
@fortawesome/fontawesome-free,6.7.2,node_modules/@fortawesome/fontawesome-free,False,False
@inquirer/checkbox,4.0.4,node_modules/@inquirer/checkbox,True,False
@inquirer/confirm,5.0.2,node_modules/@inquirer/confirm,True,False
@inquirer/core,10.1.2,node_modules/@inquirer/core,True,False
@inquirer/editor,4.2.1,node_modules/@inquirer/editor,True,False
@inquirer/expand,4.0.4,node_modules/@inquirer/expand,True,False
@inquirer/figures,1.0.9,node_modules/@inquirer/figures,True,False
@inquirer/input,4.1.1,node_modules/@inquirer/input,True,False
@inquirer/number,3.0.4,node_modules/@inquirer/number,True,False
@inquirer/password,4.0.4,node_modules/@inquirer/password,True,False
@inquirer/prompts,7.1.0,node_modules/@inquirer/prompts,True,False
@inquirer/rawlist,4.0.4,node_modules/@inquirer/rawlist,True,False
@inquirer/search,3.0.4,node_modules/@inquirer/search,True,False
@inquirer/select,4.0.4,node_modules/@inquirer/select,True,False
@inquirer/type,3.0.2,node_modules/@inquirer/type,True,False
@inquirer/type,1.5.5,node_modules/@listr2/prompt-adapter-inquirer/node_modules/@inquirer/type,True,False
@isaacs/cliui,8.0.2,node_modules/@isaacs/cliui,True,False
ansi-regex,6.1.0,node_modules/@isaacs/cliui/node_modules/ansi-regex,True,False
ansi-regex,5.0.1,node_modules/ansi-regex,True,False
ansi-regex,6.1.0,node_modules/listr2/node_modules/ansi-regex,True,False
ansi-regex,6.1.0,node_modules/log-update/node_modules/ansi-regex,True,False
ansi-regex,6.1.0,node_modules/string-width/node_modules/ansi-regex,True,False
ansi-styles,6.2.1,node_modules/@isaacs/cliui/node_modules/ansi-styles,True,False
ansi-styles,4.3.0,node_modules/ansi-styles,True,False
ansi-styles,6.2.1,node_modules/listr2/node_modules/ansi-styles,True,False
ansi-styles,6.2.1,node_modules/log-update/node_modules/ansi-styles,True,False
ansi-styles,6.2.1,node_modules/slice-ansi/node_modules/ansi-styles,True,False
emoji-regex,9.2.2,node_modules/@isaacs/cliui/node_modules/emoji-regex,True,False
emoji-regex,8.0.0,node_modules/cliui/node_modules/emoji-regex,True,False
emoji-regex,10.4.0,node_modules/emoji-regex,True,False
emoji-regex,8.0.0,node_modules/karma/node_modules/emoji-regex,True,False
emoji-regex,8.0.0,node_modules/string-width-cjs/node_modules/emoji-regex,True,False
emoji-regex,8.0.0,node_modules/wrap-ansi-cjs/node_modules/emoji-regex,True,False
emoji-regex,8.0.0,node_modules/wrap-ansi/node_modules/emoji-regex,True,False
emoji-regex,8.0.0,node_modules/yargs/node_modules/emoji-regex,True,False
string-width,5.1.2,node_modules/@isaacs/cliui/node_modules/string-width,True,False
string-width,4.2.3,node_modules/cliui/node_modules/string-width,True,False
string-width,4.2.3,node_modules/karma/node_modules/string-width,True,False
string-width,7.2.0,node_modules/string-width,True,False
string-width,4.2.3,node_modules/string-width-cjs,True,False
string-width,4.2.3,node_modules/wrap-ansi-cjs/node_modules/string-width,True,False
string-width,4.2.3,node_modules/wrap-ansi/node_modules/string-width,True,False
string-width,4.2.3,node_modules/yargs/node_modules/string-width,True,False
strip-ansi,7.1.0,node_modules/@isaacs/cliui/node_modules/strip-ansi,True,False
strip-ansi,7.1.0,node_modules/listr2/node_modules/strip-ansi,True,False
strip-ansi,7.1.0,node_modules/log-update/node_modules/strip-ansi,True,False
strip-ansi,7.1.0,node_modules/string-width/node_modules/strip-ansi,True,False
strip-ansi,6.0.1,node_modules/strip-ansi,True,False
strip-ansi,6.0.1,node_modules/strip-ansi-cjs,True,False
wrap-ansi,8.1.0,node_modules/@isaacs/cliui/node_modules/wrap-ansi,True,False
wrap-ansi,7.0.0,node_modules/cliui/node_modules/wrap-ansi,True,False
wrap-ansi,7.0.0,node_modules/karma/node_modules/wrap-ansi,True,False
wrap-ansi,9.0.0,node_modules/listr2/node_modules/wrap-ansi,True,False
wrap-ansi,9.0.0,node_modules/log-update/node_modules/wrap-ansi,True,False
wrap-ansi,6.2.0,node_modules/wrap-ansi,True,False
wrap-ansi,7.0.0,node_modules/wrap-ansi-cjs,True,False
@isaacs/fs-minipass,4.0.1,node_modules/@isaacs/fs-minipass,True,False
@istanbuljs/schema,0.1.3,node_modules/@istanbuljs/schema,True,False
@jridgewell/gen-mapping,0.3.8,node_modules/@jridgewell/gen-mapping,True,False
@jridgewell/resolve-uri,3.1.2,node_modules/@jridgewell/resolve-uri,True,False
@jridgewell/set-array,1.2.1,node_modules/@jridgewell/set-array,True,False
@jridgewell/source-map,0.3.6,node_modules/@jridgewell/source-map,True,False
@jridgewell/sourcemap-codec,1.5.0,node_modules/@jridgewell/sourcemap-codec,True,False
@jridgewell/trace-mapping,0.3.25,node_modules/@jridgewell/trace-mapping,True,False
@jsonjoy.com/base64,1.1.2,node_modules/@jsonjoy.com/base64,True,False
@jsonjoy.com/json-pack,1.1.1,node_modules/@jsonjoy.com/json-pack,True,False
@jsonjoy.com/util,1.5.0,node_modules/@jsonjoy.com/util,True,False
@leichtgewicht/ip-codec,2.0.5,node_modules/@leichtgewicht/ip-codec,True,False
@listr2/prompt-adapter-inquirer,2.0.18,node_modules/@listr2/prompt-adapter-inquirer,True,False
mute-stream,1.0.0,node_modules/@listr2/prompt-adapter-inquirer/node_modules/mute-stream,True,False
mute-stream,2.0.0,node_modules/mute-stream,True,False
@lmdb/lmdb-darwin-arm64,3.1.5,node_modules/@lmdb/lmdb-darwin-arm64,True,True
@lmdb/lmdb-darwin-x64,3.1.5,node_modules/@lmdb/lmdb-darwin-x64,True,True
@lmdb/lmdb-linux-arm,3.1.5,node_modules/@lmdb/lmdb-linux-arm,True,True
@lmdb/lmdb-linux-arm64,3.1.5,node_modules/@lmdb/lmdb-linux-arm64,True,True
@lmdb/lmdb-linux-x64,3.1.5,node_modules/@lmdb/lmdb-linux-x64,True,True
@lmdb/lmdb-win32-x64,3.1.5,node_modules/@lmdb/lmdb-win32-x64,True,True
@msgpackr-extract/msgpackr-extract-darwin-arm64,3.0.3,node_modules/@msgpackr-extract/msgpackr-extract-darwin-arm64,True,True
@msgpackr-extract/msgpackr-extract-darwin-x64,3.0.3,node_modules/@msgpackr-extract/msgpackr-extract-darwin-x64,True,True
@msgpackr-extract/msgpackr-extract-linux-arm,3.0.3,node_modules/@msgpackr-extract/msgpackr-extract-linux-arm,True,True
@msgpackr-extract/msgpackr-extract-linux-arm64,3.0.3,node_modules/@msgpackr-extract/msgpackr-extract-linux-arm64,True,True
@msgpackr-extract/msgpackr-extract-linux-x64,3.0.3,node_modules/@msgpackr-extract/msgpackr-extract-linux-x64,True,True
@msgpackr-extract/msgpackr-extract-win32-x64,3.0.3,node_modules/@msgpackr-extract/msgpackr-extract-win32-x64,True,True
@napi-rs/nice,1.0.1,node_modules/@napi-rs/nice,True,True
@napi-rs/nice-android-arm-eabi,1.0.1,node_modules/@napi-rs/nice-android-arm-eabi,True,True
@napi-rs/nice-android-arm64,1.0.1,node_modules/@napi-rs/nice-android-arm64,True,True
@napi-rs/nice-darwin-arm64,1.0.1,node_modules/@napi-rs/nice-darwin-arm64,True,True
@napi-rs/nice-darwin-x64,1.0.1,node_modules/@napi-rs/nice-darwin-x64,True,True
@napi-rs/nice-freebsd-x64,1.0.1,node_modules/@napi-rs/nice-freebsd-x64,True,True
@napi-rs/nice-linux-arm-gnueabihf,1.0.1,node_modules/@napi-rs/nice-linux-arm-gnueabihf,True,True
@napi-rs/nice-linux-arm64-gnu,1.0.1,node_modules/@napi-rs/nice-linux-arm64-gnu,True,True
@napi-rs/nice-linux-arm64-musl,1.0.1,node_modules/@napi-rs/nice-linux-arm64-musl,True,True
@napi-rs/nice-linux-ppc64-gnu,1.0.1,node_modules/@napi-rs/nice-linux-ppc64-gnu,True,True
@napi-rs/nice-linux-riscv64-gnu,1.0.1,node_modules/@napi-rs/nice-linux-riscv64-gnu,True,True
@napi-rs/nice-linux-s390x-gnu,1.0.1,node_modules/@napi-rs/nice-linux-s390x-gnu,True,True
@napi-rs/nice-linux-x64-gnu,1.0.1,node_modules/@napi-rs/nice-linux-x64-gnu,True,True
@napi-rs/nice-linux-x64-musl,1.0.1,node_modules/@napi-rs/nice-linux-x64-musl,True,True
@napi-rs/nice-win32-arm64-msvc,1.0.1,node_modules/@napi-rs/nice-win32-arm64-msvc,True,True
@napi-rs/nice-win32-ia32-msvc,1.0.1,node_modules/@napi-rs/nice-win32-ia32-msvc,True,True
@napi-rs/nice-win32-x64-msvc,1.0.1,node_modules/@napi-rs/nice-win32-x64-msvc,True,True
@ngtools/webpack,19.0.6,node_modules/@ngtools/webpack,True,False
@nodelib/fs.scandir,2.1.5,node_modules/@nodelib/fs.scandir,True,False
@nodelib/fs.stat,2.0.5,node_modules/@nodelib/fs.stat,True,False
@nodelib/fs.walk,1.2.8,node_modules/@nodelib/fs.walk,True,False
@npmcli/agent,3.0.0,node_modules/@npmcli/agent,True,False
lru-cache,10.4.3,node_modules/@npmcli/agent/node_modules/lru-cache,True,False
lru-cache,10.4.3,node_modules/@npmcli/git/node_modules/lru-cache,True,False
lru-cache,10.4.3,node_modules/cacache/node_modules/lru-cache,True,False
lru-cache,10.4.3,node_modules/hosted-git-info/node_modules/lru-cache,True,False
lru-cache,5.1.1,node_modules/lru-cache,True,False
lru-cache,10.4.3,node_modules/path-scurry/node_modules/lru-cache,True,False
@npmcli/fs,4.0.0,node_modules/@npmcli/fs,True,False
@npmcli/git,6.0.1,node_modules/@npmcli/git,True,False
isexe,3.1.1,node_modules/@npmcli/git/node_modules/isexe,True,False
isexe,3.1.1,node_modules/@npmcli/promise-spawn/node_modules/isexe,True,False
isexe,3.1.1,node_modules/@npmcli/run-script/node_modules/isexe,True,False
isexe,2.0.0,node_modules/isexe,True,False
isexe,3.1.1,node_modules/node-gyp/node_modules/isexe,True,False
which,5.0.0,node_modules/@npmcli/git/node_modules/which,True,False
which,5.0.0,node_modules/@npmcli/promise-spawn/node_modules/which,True,False
which,5.0.0,node_modules/@npmcli/run-script/node_modules/which,True,False
which,2.0.2,node_modules/cross-spawn/node_modules/which,True,False
which,5.0.0,node_modules/node-gyp/node_modules/which,True,False
which,1.3.1,node_modules/which,True,False
@npmcli/installed-package-contents,3.0.0,node_modules/@npmcli/installed-package-contents,True,False
@npmcli/node-gyp,4.0.0,node_modules/@npmcli/node-gyp,True,False
@npmcli/package-json,6.1.0,node_modules/@npmcli/package-json,True,False
brace-expansion,2.0.1,node_modules/@npmcli/package-json/node_modules/brace-expansion,True,False
brace-expansion,2.0.1,node_modules/@tufjs/models/node_modules/brace-expansion,True,False
brace-expansion,1.1.11,node_modules/brace-expansion,True,False
brace-expansion,2.0.1,node_modules/cacache/node_modules/brace-expansion,True,False
brace-expansion,2.0.1,node_modules/ignore-walk/node_modules/brace-expansion,True,False
brace-expansion,2.0.1,node_modules/minizlib/node_modules/brace-expansion,True,False
brace-expansion,2.0.1,node_modules/node-gyp/node_modules/brace-expansion,True,False
brace-expansion,2.0.1,node_modules/sucrase/node_modules/brace-expansion,True,False
glob,10.4.5,node_modules/@npmcli/package-json/node_modules/glob,True,False
glob,10.4.5,node_modules/cacache/node_modules/glob,True,False
glob,7.2.3,node_modules/glob,True,False
glob,10.4.5,node_modules/minizlib/node_modules/glob,True,False
glob,10.4.5,node_modules/node-gyp/node_modules/glob,True,False
glob,10.4.5,node_modules/sucrase/node_modules/glob,True,False
minimatch,9.0.5,node_modules/@npmcli/package-json/node_modules/minimatch,True,False
minimatch,9.0.5,node_modules/@tufjs/models/node_modules/minimatch,True,False
minimatch,9.0.5,node_modules/cacache/node_modules/minimatch,True,False
minimatch,9.0.5,node_modules/ignore-walk/node_modules/minimatch,True,False
minimatch,3.1.2,node_modules/minimatch,True,False
minimatch,9.0.5,node_modules/minizlib/node_modules/minimatch,True,False
minimatch,9.0.5,node_modules/node-gyp/node_modules/minimatch,True,False
minimatch,9.0.5,node_modules/sucrase/node_modules/minimatch,True,False
@npmcli/promise-spawn,8.0.2,node_modules/@npmcli/promise-spawn,True,False
@npmcli/redact,3.0.0,node_modules/@npmcli/redact,True,False
@npmcli/run-script,9.0.2,node_modules/@npmcli/run-script,True,False
@parcel/watcher,2.5.0,node_modules/@parcel/watcher,True,True
@parcel/watcher-android-arm64,2.5.0,node_modules/@parcel/watcher-android-arm64,True,True
@parcel/watcher-darwin-arm64,2.5.0,node_modules/@parcel/watcher-darwin-arm64,True,True
@parcel/watcher-darwin-x64,2.5.0,node_modules/@parcel/watcher-darwin-x64,True,True
@parcel/watcher-freebsd-x64,2.5.0,node_modules/@parcel/watcher-freebsd-x64,True,True
@parcel/watcher-linux-arm-glibc,2.5.0,node_modules/@parcel/watcher-linux-arm-glibc,True,True
@parcel/watcher-linux-arm-musl,2.5.0,node_modules/@parcel/watcher-linux-arm-musl,True,True
@parcel/watcher-linux-arm64-glibc,2.5.0,node_modules/@parcel/watcher-linux-arm64-glibc,True,True
@parcel/watcher-linux-arm64-musl,2.5.0,node_modules/@parcel/watcher-linux-arm64-musl,True,True
@parcel/watcher-linux-x64-glibc,2.5.0,node_modules/@parcel/watcher-linux-x64-glibc,True,True
@parcel/watcher-linux-x64-musl,2.5.0,node_modules/@parcel/watcher-linux-x64-musl,True,True
@parcel/watcher-win32-arm64,2.5.0,node_modules/@parcel/watcher-win32-arm64,True,True
@parcel/watcher-win32-ia32,2.5.0,node_modules/@parcel/watcher-win32-ia32,True,True
@parcel/watcher-win32-x64,2.5.0,node_modules/@parcel/watcher-win32-x64,True,True
detect-libc,1.0.3,node_modules/@parcel/watcher/node_modules/detect-libc,True,True
detect-libc,2.0.3,node_modules/detect-libc,True,True
node-addon-api,7.1.1,node_modules/@parcel/watcher/node_modules/node-addon-api,True,True
node-addon-api,6.1.0,node_modules/node-addon-api,True,True
@pkgjs/parseargs,0.11.0,node_modules/@pkgjs/parseargs,True,True
@rollup/rollup-android-arm-eabi,4.26.0,node_modules/@rollup/rollup-android-arm-eabi,True,True
@rollup/rollup-android-arm64,4.26.0,node_modules/@rollup/rollup-android-arm64,True,True
@rollup/rollup-darwin-arm64,4.26.0,node_modules/@rollup/rollup-darwin-arm64,True,True
@rollup/rollup-darwin-x64,4.26.0,node_modules/@rollup/rollup-darwin-x64,True,True
@rollup/rollup-freebsd-arm64,4.26.0,node_modules/@rollup/rollup-freebsd-arm64,True,True
@rollup/rollup-freebsd-x64,4.26.0,node_modules/@rollup/rollup-freebsd-x64,True,True
@rollup/rollup-linux-arm-gnueabihf,4.26.0,node_modules/@rollup/rollup-linux-arm-gnueabihf,True,True
@rollup/rollup-linux-arm-musleabihf,4.26.0,node_modules/@rollup/rollup-linux-arm-musleabihf,True,True
@rollup/rollup-linux-arm64-gnu,4.26.0,node_modules/@rollup/rollup-linux-arm64-gnu,True,True
@rollup/rollup-linux-arm64-musl,4.26.0,node_modules/@rollup/rollup-linux-arm64-musl,True,True
@rollup/rollup-linux-powerpc64le-gnu,4.26.0,node_modules/@rollup/rollup-linux-powerpc64le-gnu,True,True
@rollup/rollup-linux-riscv64-gnu,4.26.0,node_modules/@rollup/rollup-linux-riscv64-gnu,True,True
@rollup/rollup-linux-s390x-gnu,4.26.0,node_modules/@rollup/rollup-linux-s390x-gnu,True,True
@rollup/rollup-linux-x64-gnu,4.26.0,node_modules/@rollup/rollup-linux-x64-gnu,True,True
@rollup/rollup-linux-x64-musl,4.26.0,node_modules/@rollup/rollup-linux-x64-musl,True,True
@rollup/rollup-win32-arm64-msvc,4.26.0,node_modules/@rollup/rollup-win32-arm64-msvc,True,True
@rollup/rollup-win32-ia32-msvc,4.26.0,node_modules/@rollup/rollup-win32-ia32-msvc,True,True
@rollup/rollup-win32-x64-msvc,4.26.0,node_modules/@rollup/rollup-win32-x64-msvc,True,True
@schematics/angular,19.0.6,node_modules/@schematics/angular,True,False
@sigstore/bundle,3.0.0,node_modules/@sigstore/bundle,True,False
@sigstore/core,2.0.0,node_modules/@sigstore/core,True,False
@sigstore/protobuf-specs,0.3.2,node_modules/@sigstore/protobuf-specs,True,False
@sigstore/sign,3.0.0,node_modules/@sigstore/sign,True,False
@sigstore/tuf,3.0.0,node_modules/@sigstore/tuf,True,False
@sigstore/verify,2.0.0,node_modules/@sigstore/verify,True,False
@sindresorhus/merge-streams,2.3.0,node_modules/@sindresorhus/merge-streams,True,False
@socket.io/component-emitter,3.1.2,node_modules/@socket.io/component-emitter,True,False
@tufjs/canonical-json,2.0.0,node_modules/@tufjs/canonical-json,True,False
@tufjs/models,3.0.1,node_modules/@tufjs/models,True,False
@types/body-parser,1.19.5,node_modules/@types/body-parser,True,False
@types/bonjour,3.5.13,node_modules/@types/bonjour,True,False
@types/connect,3.4.38,node_modules/@types/connect,True,False
@types/connect-history-api-fallback,1.5.4,node_modules/@types/connect-history-api-fallback,True,False
@types/cookie,0.4.1,node_modules/@types/cookie,True,False
@types/cors,2.8.17,node_modules/@types/cors,True,False
@types/eslint,9.6.1,node_modules/@types/eslint,True,False
@types/eslint-scope,3.7.7,node_modules/@types/eslint-scope,True,False
@types/estree,1.0.6,node_modules/@types/estree,True,False
@types/express,4.17.21,node_modules/@types/express,True,False
@types/express-serve-static-core,5.0.2,node_modules/@types/express-serve-static-core,True,False
@types/express-serve-static-core,4.19.6,node_modules/@types/express/node_modules/@types/express-serve-static-core,True,False
@types/http-errors,2.0.4,node_modules/@types/http-errors,True,False
@types/http-proxy,1.17.15,node_modules/@types/http-proxy,True,False
@types/jasmine,5.1.5,node_modules/@types/jasmine,True,False
@types/json-schema,7.0.15,node_modules/@types/json-schema,True,False
@types/mime,1.3.5,node_modules/@types/mime,True,False
@types/node,22.10.2,node_modules/@types/node,True,False
@types/node-forge,1.3.11,node_modules/@types/node-forge,True,False
@types/qs,6.9.17,node_modules/@types/qs,True,False
@types/range-parser,1.2.7,node_modules/@types/range-parser,True,False
@types/retry,0.12.2,node_modules/@types/retry,True,False
@types/send,0.17.4,node_modules/@types/send,True,False
@types/serve-index,1.9.4,node_modules/@types/serve-index,True,False
@types/serve-static,1.15.7,node_modules/@types/serve-static,True,False
@types/sockjs,0.3.36,node_modules/@types/sockjs,True,False
@types/ws,8.5.13,node_modules/@types/ws,True,False
@vitejs/plugin-basic-ssl,1.1.0,node_modules/@vitejs/plugin-basic-ssl,True,False
@webassemblyjs/ast,1.14.1,node_modules/@webassemblyjs/ast,True,False
@webassemblyjs/floating-point-hex-parser,1.13.2,node_modules/@webassemblyjs/floating-point-hex-parser,True,False
@webassemblyjs/helper-api-error,1.13.2,node_modules/@webassemblyjs/helper-api-error,True,False
@webassemblyjs/helper-buffer,1.14.1,node_modules/@webassemblyjs/helper-buffer,True,False
@webassemblyjs/helper-numbers,1.13.2,node_modules/@webassemblyjs/helper-numbers,True,False
@webassemblyjs/helper-wasm-bytecode,1.13.2,node_modules/@webassemblyjs/helper-wasm-bytecode,True,False
@webassemblyjs/helper-wasm-section,1.14.1,node_modules/@webassemblyjs/helper-wasm-section,True,False
@webassemblyjs/ieee754,1.13.2,node_modules/@webassemblyjs/ieee754,True,False
@webassemblyjs/leb128,1.13.2,node_modules/@webassemblyjs/leb128,True,False
@webassemblyjs/utf8,1.13.2,node_modules/@webassemblyjs/utf8,True,False
@webassemblyjs/wasm-edit,1.14.1,node_modules/@webassemblyjs/wasm-edit,True,False
@webassemblyjs/wasm-gen,1.14.1,node_modules/@webassemblyjs/wasm-gen,True,False
@webassemblyjs/wasm-opt,1.14.1,node_modules/@webassemblyjs/wasm-opt,True,False
@webassemblyjs/wasm-parser,1.14.1,node_modules/@webassemblyjs/wasm-parser,True,False
@webassemblyjs/wast-printer,1.14.1,node_modules/@webassemblyjs/wast-printer,True,False
@xtuc/ieee754,1.2.0,node_modules/@xtuc/ieee754,True,False
@xtuc/long,4.2.2,node_modules/@xtuc/long,True,False
@yarnpkg/lockfile,1.1.0,node_modules/@yarnpkg/lockfile,True,False
abbrev,2.0.0,node_modules/abbrev,True,False
accepts,1.3.8,node_modules/accepts,True,False
negotiator,0.6.3,node_modules/accepts/node_modules/negotiator,True,False
negotiator,0.6.4,node_modules/compression/node_modules/negotiator,True,False
negotiator,1.0.0,node_modules/negotiator,True,False
acorn,8.14.0,node_modules/acorn,True,False
adjust-sourcemap-loader,4.0.0,node_modules/adjust-sourcemap-loader,True,False
loader-utils,2.0.4,node_modules/adjust-sourcemap-loader/node_modules/loader-utils,True,False
loader-utils,3.3.1,node_modules/loader-utils,True,False
loader-utils,2.0.4,node_modules/resolve-url-loader/node_modules/loader-utils,True,False
agent-base,7.1.3,node_modules/agent-base,True,False
ajv,8.17.1,node_modules/ajv,True,False
ajv,6.12.6,node_modules/webpack/node_modules/ajv,True,False
ajv-formats,3.0.1,node_modules/ajv-formats,True,False
ajv-formats,2.1.1,node_modules/schema-utils/node_modules/ajv-formats,True,False
ajv-keywords,5.1.0,node_modules/ajv-keywords,True,False
ajv-keywords,3.5.2,node_modules/webpack/node_modules/ajv-keywords,True,False
angular-auth-oidc-client,19.0.0,node_modules/angular-auth-oidc-client,False,False
ansi-colors,4.1.3,node_modules/ansi-colors,True,False
ansi-escapes,4.3.2,node_modules/ansi-escapes,True,False
ansi-escapes,7.0.0,node_modules/log-update/node_modules/ansi-escapes,True,False
ansi-html-community,0.0.8,node_modules/ansi-html-community,True,False
any-promise,1.3.0,node_modules/any-promise,True,False
anymatch,3.1.3,node_modules/anymatch,True,False
picomatch,2.3.1,node_modules/anymatch/node_modules/picomatch,True,False
picomatch,2.3.1,node_modules/karma/node_modules/picomatch,True,False
picomatch,2.3.1,node_modules/micromatch/node_modules/picomatch,True,False
picomatch,4.0.2,node_modules/picomatch,True,False
picomatch,2.3.1,node_modules/tailwindcss/node_modules/picomatch,True,False
picomatch,2.3.1,node_modules/webpack-dev-server/node_modules/picomatch,True,False
arg,5.0.2,node_modules/arg,True,False
argparse,2.0.1,node_modules/argparse,True,False
array-flatten,1.1.1,node_modules/array-flatten,True,False
autoprefixer,10.4.20,node_modules/autoprefixer,True,False
babel-loader,9.2.1,node_modules/babel-loader,True,False
babel-plugin-polyfill-corejs2,0.4.12,node_modules/babel-plugin-polyfill-corejs2,True,False
babel-plugin-polyfill-corejs3,0.10.6,node_modules/babel-plugin-polyfill-corejs3,True,False
babel-plugin-polyfill-regenerator,0.6.3,node_modules/babel-plugin-polyfill-regenerator,True,False
balanced-match,1.0.2,node_modules/balanced-match,True,False
base64-js,1.5.1,node_modules/base64-js,True,False
base64id,2.0.0,node_modules/base64id,True,False
batch,0.6.1,node_modules/batch,True,False
beasties,0.1.0,node_modules/beasties,True,False
big.js,5.2.2,node_modules/big.js,True,False
binary-extensions,2.3.0,node_modules/binary-extensions,True,False
bl,4.1.0,node_modules/bl,True,False
body-parser,1.20.3,node_modules/body-parser,True,False
debug,2.6.9,node_modules/body-parser/node_modules/debug,True,False
debug,2.6.9,node_modules/compression/node_modules/debug,True,False
debug,2.6.9,node_modules/connect/node_modules/debug,True,False
debug,4.4.0,node_modules/debug,True,False
debug,4.3.7,node_modules/engine.io/node_modules/debug,True,False
debug,2.6.9,node_modules/express/node_modules/debug,True,False
debug,2.6.9,node_modules/finalhandler/node_modules/debug,True,False
debug,2.6.9,node_modules/send/node_modules/debug,True,False
debug,2.6.9,node_modules/serve-index/node_modules/debug,True,False
debug,4.3.7,node_modules/socket.io-adapter/node_modules/debug,True,False
debug,4.3.7,node_modules/socket.io-parser/node_modules/debug,True,False
debug,4.3.7,node_modules/socket.io/node_modules/debug,True,False
ms,2.0.0,node_modules/body-parser/node_modules/ms,True,False
ms,2.0.0,node_modules/compression/node_modules/ms,True,False
ms,2.0.0,node_modules/connect/node_modules/ms,True,False
ms,2.0.0,node_modules/express/node_modules/ms,True,False
ms,2.0.0,node_modules/finalhandler/node_modules/ms,True,False
ms,2.1.3,node_modules/ms,True,False
ms,2.0.0,node_modules/send/node_modules/debug/node_modules/ms,True,False
ms,2.0.0,node_modules/serve-index/node_modules/ms,True,False
bonjour-service,1.3.0,node_modules/bonjour-service,True,False
boolbase,1.0.0,node_modules/boolbase,True,False
braces,3.0.3,node_modules/braces,True,False
browserslist,4.24.3,node_modules/browserslist,True,False
buffer,5.7.1,node_modules/buffer,True,False
buffer-from,1.1.2,node_modules/buffer-from,True,False
bundle-name,4.1.0,node_modules/bundle-name,True,False
bytes,3.1.2,node_modules/bytes,True,False
cacache,19.0.1,node_modules/cacache,True,False
chownr,3.0.0,node_modules/cacache/node_modules/chownr,True,False
chownr,2.0.0,node_modules/chownr,True,False
chownr,3.0.0,node_modules/node-gyp/node_modules/chownr,True,False
mkdirp,3.0.1,node_modules/cacache/node_modules/mkdirp,True,False
mkdirp,0.5.6,node_modules/mkdirp,True,False
mkdirp,3.0.1,node_modules/node-gyp/node_modules/mkdirp,True,False
mkdirp,1.0.4,node_modules/tar/node_modules/mkdirp,True,False
tar,7.4.3,node_modules/cacache/node_modules/tar,True,False
tar,7.4.3,node_modules/node-gyp/node_modules/tar,True,False
tar,6.2.1,node_modules/tar,True,False
yallist,5.0.0,node_modules/cacache/node_modules/yallist,True,False
yallist,4.0.0,node_modules/minipass-flush/node_modules/yallist,True,False
yallist,4.0.0,node_modules/minipass-pipeline/node_modules/yallist,True,False
yallist,4.0.0,node_modules/minipass-sized/node_modules/yallist,True,False
yallist,5.0.0,node_modules/node-gyp/node_modules/yallist,True,False
yallist,4.0.0,node_modules/tar/node_modules/yallist,True,False
yallist,3.1.1,node_modules/yallist,True,False
call-bind-apply-helpers,1.0.1,node_modules/call-bind-apply-helpers,True,False
call-bound,1.0.3,node_modules/call-bound,True,False
callsites,3.1.0,node_modules/callsites,True,False
camelcase-css,2.0.1,node_modules/camelcase-css,True,False
caniuse-lite,1.0.30001690,node_modules/caniuse-lite,True,False
chalk,4.1.2,node_modules/chalk,True,False
chardet,0.7.0,node_modules/chardet,True,False
chokidar,4.0.3,node_modules/chokidar,True,False
chokidar,3.6.0,node_modules/karma/node_modules/chokidar,True,False
chokidar,3.6.0,node_modules/tailwindcss/node_modules/chokidar,True,False
chokidar,3.6.0,node_modules/webpack-dev-server/node_modules/chokidar,True,False
chrome-trace-event,1.0.4,node_modules/chrome-trace-event,True,False
cli-cursor,5.0.0,node_modules/cli-cursor,True,False
cli-cursor,3.1.0,node_modules/ora/node_modules/cli-cursor,True,False
cli-spinners,2.9.2,node_modules/cli-spinners,True,False
cli-truncate,4.0.0,node_modules/cli-truncate,True,False
cli-width,4.1.0,node_modules/cli-width,True,False
cliui,8.0.1,node_modules/cliui,True,False
cliui,7.0.4,node_modules/karma/node_modules/cliui,True,False
is-fullwidth-code-point,3.0.0,node_modules/cliui/node_modules/is-fullwidth-code-point,True,False
is-fullwidth-code-point,4.0.0,node_modules/is-fullwidth-code-point,True,False
is-fullwidth-code-point,3.0.0,node_modules/karma/node_modules/is-fullwidth-code-point,True,False
is-fullwidth-code-point,5.0.0,node_modules/log-update/node_modules/is-fullwidth-code-point,True,False
is-fullwidth-code-point,3.0.0,node_modules/string-width-cjs/node_modules/is-fullwidth-code-point,True,False
is-fullwidth-code-point,3.0.0,node_modules/wrap-ansi-cjs/node_modules/is-fullwidth-code-point,True,False
is-fullwidth-code-point,3.0.0,node_modules/wrap-ansi/node_modules/is-fullwidth-code-point,True,False
is-fullwidth-code-point,3.0.0,node_modules/yargs/node_modules/is-fullwidth-code-point,True,False
clone,1.0.4,node_modules/clone,True,False
clone-deep,4.0.1,node_modules/clone-deep,True,False
is-plain-object,2.0.4,node_modules/clone-deep/node_modules/is-plain-object,True,False
is-plain-object,5.0.0,node_modules/is-plain-object,True,False
color-convert,2.0.1,node_modules/color-convert,True,False
color-name,1.1.4,node_modules/color-name,True,False
colorette,2.0.20,node_modules/colorette,True,False
commander,2.20.3,node_modules/commander,True,False
commander,4.1.1,node_modules/sucrase/node_modules/commander,True,False
common-path-prefix,3.0.0,node_modules/common-path-prefix,True,False
compressible,2.0.18,node_modules/compressible,True,False
compression,1.7.5,node_modules/compression,True,False
concat-map,0.0.1,node_modules/concat-map,True,False
connect,3.7.0,node_modules/connect,True,False
connect-history-api-fallback,2.0.0,node_modules/connect-history-api-fallback,True,False
content-disposition,0.5.4,node_modules/content-disposition,True,False
content-type,1.0.5,node_modules/content-type,True,False
cookie,0.7.2,node_modules/cookie,True,False
cookie,0.7.1,node_modules/express/node_modules/cookie,True,False
cookie-signature,1.0.6,node_modules/cookie-signature,True,False
copy-anything,2.0.6,node_modules/copy-anything,True,False
copy-webpack-plugin,12.0.2,node_modules/copy-webpack-plugin,True,False
core-js-compat,3.39.0,node_modules/core-js-compat,True,False
core-util-is,1.0.3,node_modules/core-util-is,True,False
cors,2.8.5,node_modules/cors,True,False
cosmiconfig,9.0.0,node_modules/cosmiconfig,True,False
cross-spawn,7.0.6,node_modules/cross-spawn,True,False
css-loader,7.1.2,node_modules/css-loader,True,False
css-select,5.1.0,node_modules/css-select,True,False
css-what,6.1.0,node_modules/css-what,True,False
cssesc,3.0.0,node_modules/cssesc,True,False
custom-event,1.0.1,node_modules/custom-event,True,False
date-format,4.0.14,node_modules/date-format,True,False
default-browser,5.2.1,node_modules/default-browser,True,False
default-browser-id,5.0.0,node_modules/default-browser-id,True,False
defaults,1.0.4,node_modules/defaults,True,False
define-lazy-prop,3.0.0,node_modules/define-lazy-prop,True,False
depd,2.0.0,node_modules/depd,True,False
depd,1.1.2,node_modules/serve-index/node_modules/depd,True,False
destroy,1.2.0,node_modules/destroy,True,False
detect-node,2.1.0,node_modules/detect-node,True,False
di,0.0.1,node_modules/di,True,False
didyoumean,1.2.2,node_modules/didyoumean,True,False
dlv,1.1.3,node_modules/dlv,True,False
dns-packet,5.6.1,node_modules/dns-packet,True,False
dom-serialize,2.2.1,node_modules/dom-serialize,True,False
dom-serializer,2.0.0,node_modules/dom-serializer,True,False
domelementtype,2.3.0,node_modules/domelementtype,True,False
domhandler,5.0.3,node_modules/domhandler,True,False
domutils,3.1.0,node_modules/domutils,True,False
dunder-proto,1.0.1,node_modules/dunder-proto,True,False
eastasianwidth,0.2.0,node_modules/eastasianwidth,True,False
ee-first,1.1.1,node_modules/ee-first,True,False
electron-to-chromium,1.5.75,node_modules/electron-to-chromium,True,False
emojis-list,3.0.0,node_modules/emojis-list,True,False
encodeurl,1.0.2,node_modules/encodeurl,True,False
encodeurl,2.0.0,node_modules/express/node_modules/encodeurl,True,False
encodeurl,2.0.0,node_modules/serve-static/node_modules/encodeurl,True,False
encoding,0.1.13,node_modules/encoding,True,True
iconv-lite,0.6.3,node_modules/encoding/node_modules/iconv-lite,True,True
iconv-lite,0.4.24,node_modules/iconv-lite,True,False
iconv-lite,0.6.3,node_modules/needle/node_modules/iconv-lite,True,True
iconv-lite,0.6.3,node_modules/source-map-loader/node_modules/iconv-lite,True,False
engine.io,6.6.2,node_modules/engine.io,True,False
engine.io-parser,5.2.3,node_modules/engine.io-parser,True,False
enhanced-resolve,5.18.0,node_modules/enhanced-resolve,True,False
ent,2.2.2,node_modules/ent,True,False
entities,4.5.0,node_modules/entities,False,False
env-paths,2.2.1,node_modules/env-paths,True,False
environment,1.1.0,node_modules/environment,True,False
err-code,2.0.3,node_modules/err-code,True,False
errno,0.1.8,node_modules/errno,True,True
error-ex,1.3.2,node_modules/error-ex,True,False
es-define-property,1.0.1,node_modules/es-define-property,True,False
es-errors,1.3.0,node_modules/es-errors,True,False
es-module-lexer,1.5.4,node_modules/es-module-lexer,True,False
es-object-atoms,1.0.0,node_modules/es-object-atoms,True,False
esbuild,0.24.0,node_modules/esbuild,True,False
esbuild,0.21.5,node_modules/vite/node_modules/esbuild,True,False
esbuild-wasm,0.24.0,node_modules/esbuild-wasm,True,False
escalade,3.2.0,node_modules/escalade,True,False
escape-html,1.0.3,node_modules/escape-html,True,False
eslint-scope,5.1.1,node_modules/eslint-scope,True,False
esrecurse,4.3.0,node_modules/esrecurse,True,False
estraverse,5.3.0,node_modules/esrecurse/node_modules/estraverse,True,False
estraverse,4.3.0,node_modules/estraverse,True,False
esutils,2.0.3,node_modules/esutils,True,False
etag,1.8.1,node_modules/etag,True,False
eventemitter3,4.0.7,node_modules/eventemitter3,True,False
eventemitter3,5.0.1,node_modules/listr2/node_modules/eventemitter3,True,False
events,3.3.0,node_modules/events,True,False
exponential-backoff,3.1.1,node_modules/exponential-backoff,True,False
express,4.21.2,node_modules/express,True,False
finalhandler,1.3.1,node_modules/express/node_modules/finalhandler,True,False
finalhandler,1.1.2,node_modules/finalhandler,True,False
statuses,2.0.1,node_modules/express/node_modules/statuses,True,False
statuses,2.0.1,node_modules/http-errors/node_modules/statuses,True,False
statuses,2.0.1,node_modules/send/node_modules/statuses,True,False
statuses,1.5.0,node_modules/statuses,True,False
extend,3.0.2,node_modules/extend,True,False
external-editor,3.1.0,node_modules/external-editor,True,False
fast-deep-equal,3.1.3,node_modules/fast-deep-equal,True,False
fast-glob,3.3.2,node_modules/fast-glob,True,False
glob-parent,5.1.2,node_modules/fast-glob/node_modules/glob-parent,True,False
glob-parent,6.0.2,node_modules/glob-parent,True,False
glob-parent,5.1.2,node_modules/karma/node_modules/glob-parent,True,False
glob-parent,5.1.2,node_modules/tailwindcss/node_modules/chokidar/node_modules/glob-parent,True,False
glob-parent,5.1.2,node_modules/webpack-dev-server/node_modules/glob-parent,True,False
fast-json-stable-stringify,2.1.0,node_modules/fast-json-stable-stringify,True,False
fast-uri,3.0.3,node_modules/fast-uri,True,False
fastq,1.17.1,node_modules/fastq,True,False
faye-websocket,0.11.4,node_modules/faye-websocket,True,False
fill-range,7.1.1,node_modules/fill-range,True,False
on-finished,2.3.0,node_modules/finalhandler/node_modules/on-finished,True,False
on-finished,2.4.1,node_modules/on-finished,True,False
find-cache-dir,4.0.0,node_modules/find-cache-dir,True,False
find-up,6.3.0,node_modules/find-up,True,False
flat,5.0.2,node_modules/flat,True,False
flatted,3.3.2,node_modules/flatted,True,False
follow-redirects,1.15.9,node_modules/follow-redirects,True,False
foreground-child,3.3.0,node_modules/foreground-child,True,False
forwarded,0.2.0,node_modules/forwarded,True,False
fraction.js,4.3.7,node_modules/fraction.js,True,False
fresh,0.5.2,node_modules/fresh,True,False
fs-extra,8.1.0,node_modules/fs-extra,True,False
fs-minipass,3.0.3,node_modules/fs-minipass,True,False
fs-minipass,2.1.0,node_modules/tar/node_modules/fs-minipass,True,False
fs.realpath,1.0.0,node_modules/fs.realpath,True,False
fsevents,2.3.3,node_modules/fsevents,True,True
function-bind,1.1.2,node_modules/function-bind,True,False
gensync,1.0.0-beta.2,node_modules/gensync,True,False
get-caller-file,2.0.5,node_modules/get-caller-file,True,False
get-east-asian-width,1.3.0,node_modules/get-east-asian-width,True,False
get-intrinsic,1.2.6,node_modules/get-intrinsic,True,False
glob-to-regexp,0.4.1,node_modules/glob-to-regexp,True,False
globals,11.12.0,node_modules/globals,True,False
globby,14.0.2,node_modules/globby,True,False
gopd,1.2.0,node_modules/gopd,True,False
graceful-fs,4.2.11,node_modules/graceful-fs,True,False
handle-thing,2.0.1,node_modules/handle-thing,True,False
has-flag,4.0.0,node_modules/has-flag,True,False
has-symbols,1.1.0,node_modules/has-symbols,True,False
has-tostringtag,1.0.2,node_modules/has-tostringtag,True,False
hasown,2.0.2,node_modules/hasown,True,False
hosted-git-info,8.0.2,node_modules/hosted-git-info,True,False
hpack.js,2.1.6,node_modules/hpack.js,True,False
readable-stream,2.3.8,node_modules/hpack.js/node_modules/readable-stream,True,False
readable-stream,3.6.2,node_modules/readable-stream,True,False
safe-buffer,5.1.2,node_modules/hpack.js/node_modules/safe-buffer,True,False
safe-buffer,5.2.1,node_modules/safe-buffer,True,False
string_decoder,1.1.1,node_modules/hpack.js/node_modules/string_decoder,True,False
string_decoder,1.3.0,node_modules/string_decoder,True,False
html-entities,2.5.2,node_modules/html-entities,True,False
html-escaper,2.0.2,node_modules/html-escaper,True,False
htmlparser2,9.1.0,node_modules/htmlparser2,True,False
http-cache-semantics,4.1.1,node_modules/http-cache-semantics,True,False
http-deceiver,1.2.7,node_modules/http-deceiver,True,False
http-errors,2.0.0,node_modules/http-errors,True,False
http-errors,1.6.3,node_modules/serve-index/node_modules/http-errors,True,False
http-parser-js,0.5.8,node_modules/http-parser-js,True,False
http-proxy,1.18.1,node_modules/http-proxy,True,False
http-proxy-agent,7.0.2,node_modules/http-proxy-agent,True,False
http-proxy-middleware,3.0.3,node_modules/http-proxy-middleware,True,False
http-proxy-middleware,2.0.7,node_modules/webpack-dev-server/node_modules/http-proxy-middleware,True,False
https-proxy-agent,7.0.5,node_modules/https-proxy-agent,True,False
hyperdyperid,1.2.0,node_modules/hyperdyperid,True,False
icss-utils,5.1.0,node_modules/icss-utils,True,False
ieee754,1.2.1,node_modules/ieee754,True,False
ignore,5.3.2,node_modules/ignore,True,False
ignore-walk,7.0.0,node_modules/ignore-walk,True,False
image-size,0.5.5,node_modules/image-size,True,True
immutable,5.0.3,node_modules/immutable,True,False
import-fresh,3.3.0,node_modules/import-fresh,True,False
imurmurhash,0.1.4,node_modules/imurmurhash,True,False
inflight,1.0.6,node_modules/inflight,True,False
inherits,2.0.4,node_modules/inherits,True,False
inherits,2.0.3,node_modules/serve-index/node_modules/inherits,True,False
ini,5.0.0,node_modules/ini,True,False
ip-address,9.0.5,node_modules/ip-address,True,False
ipaddr.js,2.2.0,node_modules/ipaddr.js,True,False
ipaddr.js,1.9.1,node_modules/proxy-addr/node_modules/ipaddr.js,True,False
is-arrayish,0.2.1,node_modules/is-arrayish,True,False
is-binary-path,2.1.0,node_modules/is-binary-path,True,False
is-core-module,2.16.1,node_modules/is-core-module,True,False
is-docker,3.0.0,node_modules/is-docker,True,False
is-extglob,2.1.1,node_modules/is-extglob,True,False
is-glob,4.0.3,node_modules/is-glob,True,False
is-inside-container,1.0.0,node_modules/is-inside-container,True,False
is-interactive,1.0.0,node_modules/is-interactive,True,False
is-network-error,1.1.0,node_modules/is-network-error,True,False
is-number,7.0.0,node_modules/is-number,True,False
is-plain-obj,3.0.0,node_modules/is-plain-obj,True,False
is-regex,1.2.1,node_modules/is-regex,True,False
is-unicode-supported,0.1.0,node_modules/is-unicode-supported,True,False
is-what,3.14.1,node_modules/is-what,True,False
is-wsl,3.1.0,node_modules/is-wsl,True,False
isarray,1.0.0,node_modules/isarray,True,False
isbinaryfile,4.0.10,node_modules/isbinaryfile,True,False
isobject,3.0.1,node_modules/isobject,True,False
istanbul-lib-coverage,3.2.2,node_modules/istanbul-lib-coverage,True,False
istanbul-lib-instrument,6.0.3,node_modules/istanbul-lib-instrument,True,False
istanbul-lib-instrument,5.2.1,node_modules/karma-coverage/node_modules/istanbul-lib-instrument,True,False
istanbul-lib-report,3.0.1,node_modules/istanbul-lib-report,True,False
istanbul-lib-source-maps,4.0.1,node_modules/istanbul-lib-source-maps,True,False
source-map,0.6.1,node_modules/istanbul-lib-source-maps/node_modules/source-map,True,False
source-map,0.6.1,node_modules/karma/node_modules/source-map,True,False
source-map,0.6.1,node_modules/less/node_modules/source-map,True,True
source-map,0.6.1,node_modules/resolve-url-loader/node_modules/source-map,True,False
source-map,0.7.4,node_modules/source-map,True,False
source-map,0.6.1,node_modules/source-map-support/node_modules/source-map,True,False
istanbul-reports,3.1.7,node_modules/istanbul-reports,True,False
jackspeak,3.4.3,node_modules/jackspeak,True,False
jasmine-core,5.4.0,node_modules/jasmine-core,True,False
jasmine-core,4.6.1,node_modules/karma-jasmine/node_modules/jasmine-core,True,False
jest-worker,27.5.1,node_modules/jest-worker,True,False
supports-color,8.1.1,node_modules/jest-worker/node_modules/supports-color,True,False
supports-color,7.2.0,node_modules/supports-color,True,False
jiti,1.21.7,node_modules/jiti,True,False
js-tokens,4.0.0,node_modules/js-tokens,True,False
js-yaml,4.1.0,node_modules/js-yaml,True,False
jsbn,1.1.0,node_modules/jsbn,True,False
jsesc,3.1.0,node_modules/jsesc,True,False
jsesc,3.0.2,node_modules/regjsparser/node_modules/jsesc,True,False
json-parse-even-better-errors,4.0.0,node_modules/json-parse-even-better-errors,True,False
json-parse-even-better-errors,2.3.1,node_modules/parse-json/node_modules/json-parse-even-better-errors,True,False
json-parse-even-better-errors,2.3.1,node_modules/webpack/node_modules/json-parse-even-better-errors,True,False
json-schema-traverse,1.0.0,node_modules/json-schema-traverse,True,False
json-schema-traverse,0.4.1,node_modules/webpack/node_modules/json-schema-traverse,True,False
json5,2.2.3,node_modules/json5,True,False
jsonc-parser,3.3.1,node_modules/jsonc-parser,True,False
jsonfile,4.0.0,node_modules/jsonfile,True,False
jsonparse,1.3.1,node_modules/jsonparse,True,False
karma,6.4.4,node_modules/karma,True,False
karma-chrome-launcher,3.2.0,node_modules/karma-chrome-launcher,True,False
karma-coverage,2.2.1,node_modules/karma-coverage,True,False
karma-jasmine,5.1.0,node_modules/karma-jasmine,True,False
karma-jasmine-html-reporter,2.1.0,node_modules/karma-jasmine-html-reporter,True,False
karma-source-map-support,1.4.0,node_modules/karma-source-map-support,True,False
readdirp,3.6.0,node_modules/karma/node_modules/readdirp,True,False
readdirp,4.0.2,node_modules/readdirp,True,False
readdirp,3.6.0,node_modules/tailwindcss/node_modules/readdirp,True,False
readdirp,3.6.0,node_modules/webpack-dev-server/node_modules/readdirp,True,False
tmp,0.2.3,node_modules/karma/node_modules/tmp,True,False
tmp,0.0.33,node_modules/tmp,True,False
yargs,16.2.0,node_modules/karma/node_modules/yargs,True,False
yargs,17.7.2,node_modules/yargs,True,False
yargs-parser,20.2.9,node_modules/karma/node_modules/yargs-parser,True,False
yargs-parser,21.1.1,node_modules/yargs-parser,True,False
kind-of,6.0.3,node_modules/kind-of,True,False
launch-editor,2.9.1,node_modules/launch-editor,True,False
less,4.2.0,node_modules/less,True,False
less-loader,12.2.0,node_modules/less-loader,True,False
make-dir,2.1.0,node_modules/less/node_modules/make-dir,True,True
make-dir,4.0.0,node_modules/make-dir,True,False
mime,1.6.0,node_modules/less/node_modules/mime,True,True
mime,2.6.0,node_modules/mime,True,False
mime,1.6.0,node_modules/send/node_modules/mime,True,False
license-webpack-plugin,4.0.2,node_modules/license-webpack-plugin,True,False
lilconfig,3.1.3,node_modules/lilconfig,True,False
lines-and-columns,1.2.4,node_modules/lines-and-columns,True,False
listr2,8.2.5,node_modules/listr2,True,False
lmdb,3.1.5,node_modules/lmdb,True,True
loader-runner,4.3.0,node_modules/loader-runner,True,False
locate-path,7.2.0,node_modules/locate-path,True,False
lodash,4.17.21,node_modules/lodash,True,False
lodash.debounce,4.0.8,node_modules/lodash.debounce,True,False
log-symbols,4.1.0,node_modules/log-symbols,True,False
log-update,6.1.0,node_modules/log-update,True,False
slice-ansi,7.1.0,node_modules/log-update/node_modules/slice-ansi,True,False
slice-ansi,5.0.0,node_modules/slice-ansi,True,False
log4js,6.9.1,node_modules/log4js,True,False
magic-string,0.30.12,node_modules/magic-string,True,False
make-fetch-happen,14.0.3,node_modules/make-fetch-happen,True,False
math-intrinsics,1.1.0,node_modules/math-intrinsics,True,False
media-typer,0.3.0,node_modules/media-typer,True,False
memfs,4.15.0,node_modules/memfs,True,False
merge-descriptors,1.0.3,node_modules/merge-descriptors,True,False
merge-stream,2.0.0,node_modules/merge-stream,True,False
merge2,1.4.1,node_modules/merge2,True,False
methods,1.1.2,node_modules/methods,True,False
micromatch,4.0.8,node_modules/micromatch,True,False
mime-db,1.52.0,node_modules/mime-db,True,False
mime-types,2.1.35,node_modules/mime-types,True,False
mimic-fn,2.1.0,node_modules/mimic-fn,True,False
mimic-function,5.0.1,node_modules/mimic-function,True,False
mini-css-extract-plugin,2.9.2,node_modules/mini-css-extract-plugin,True,False
minimalistic-assert,1.0.1,node_modules/minimalistic-assert,True,False
minimist,1.2.8,node_modules/minimist,True,False
minipass,7.1.2,node_modules/minipass,True,False
minipass,3.3.6,node_modules/minipass-flush/node_modules/minipass,True,False
minipass,3.3.6,node_modules/minipass-pipeline/node_modules/minipass,True,False
minipass,3.3.6,node_modules/minipass-sized/node_modules/minipass,True,False
minipass,3.3.6,node_modules/tar/node_modules/fs-minipass/node_modules/minipass,True,False
minipass,5.0.0,node_modules/tar/node_modules/minipass,True,False
minipass,3.3.6,node_modules/tar/node_modules/minizlib/node_modules/minipass,True,False
minipass-collect,2.0.1,node_modules/minipass-collect,True,False
minipass-fetch,4.0.0,node_modules/minipass-fetch,True,False
minipass-flush,1.0.5,node_modules/minipass-flush,True,False
minipass-pipeline,1.2.4,node_modules/minipass-pipeline,True,False
minipass-sized,1.0.3,node_modules/minipass-sized,True,False
minizlib,3.0.1,node_modules/minizlib,True,False
minizlib,2.1.2,node_modules/tar/node_modules/minizlib,True,False
rimraf,5.0.10,node_modules/minizlib/node_modules/rimraf,True,False
rimraf,3.0.2,node_modules/rimraf,True,False
mrmime,2.0.0,node_modules/mrmime,True,False
msgpackr,1.11.2,node_modules/msgpackr,True,True
msgpackr-extract,3.0.3,node_modules/msgpackr-extract,True,True
multicast-dns,7.2.5,node_modules/multicast-dns,True,False
mz,2.7.0,node_modules/mz,True,False
nanoid,3.3.8,node_modules/nanoid,True,False
needle,3.3.1,node_modules/needle,True,True
neo-async,2.6.2,node_modules/neo-async,True,False
node-forge,1.3.1,node_modules/node-forge,True,False
node-gyp,11.0.0,node_modules/node-gyp,True,False
node-gyp-build-optional-packages,5.2.2,node_modules/node-gyp-build-optional-packages,True,True
node-releases,2.0.19,node_modules/node-releases,True,False
nopt,8.0.0,node_modules/nopt,True,False
normalize-package-data,7.0.0,node_modules/normalize-package-data,True,False
normalize-path,3.0.0,node_modules/normalize-path,True,False
normalize-range,0.1.2,node_modules/normalize-range,True,False
npm-bundled,4.0.0,node_modules/npm-bundled,True,False
npm-install-checks,7.1.1,node_modules/npm-install-checks,True,False
npm-normalize-package-bin,4.0.0,node_modules/npm-normalize-package-bin,True,False
npm-package-arg,12.0.0,node_modules/npm-package-arg,True,False
npm-packlist,9.0.0,node_modules/npm-packlist,True,False
npm-pick-manifest,10.0.0,node_modules/npm-pick-manifest,True,False
npm-registry-fetch,18.0.2,node_modules/npm-registry-fetch,True,False
nth-check,2.1.1,node_modules/nth-check,True,False
object-assign,4.1.1,node_modules/object-assign,True,False
object-hash,3.0.0,node_modules/object-hash,True,False
object-inspect,1.13.3,node_modules/object-inspect,True,False
obuf,1.1.2,node_modules/obuf,True,False
on-headers,1.0.2,node_modules/on-headers,True,False
once,1.4.0,node_modules/once,True,False
onetime,7.0.0,node_modules/onetime,True,False
onetime,5.1.2,node_modules/ora/node_modules/onetime,True,False
open,10.1.0,node_modules/open,True,False
ora,5.4.1,node_modules/ora,True,False
restore-cursor,3.1.0,node_modules/ora/node_modules/restore-cursor,True,False
restore-cursor,5.1.0,node_modules/restore-cursor,True,False
signal-exit,3.0.7,node_modules/ora/node_modules/signal-exit,True,False
signal-exit,4.1.0,node_modules/signal-exit,True,False
ordered-binary,1.5.3,node_modules/ordered-binary,True,True
os-tmpdir,1.0.2,node_modules/os-tmpdir,True,False
p-limit,4.0.0,node_modules/p-limit,True,False
p-locate,6.0.0,node_modules/p-locate,True,False
p-map,7.0.3,node_modules/p-map,True,False
p-retry,6.2.1,node_modules/p-retry,True,False
retry,0.13.1,node_modules/p-retry/node_modules/retry,True,False
retry,0.12.0,node_modules/retry,True,False
package-json-from-dist,1.0.1,node_modules/package-json-from-dist,True,False
pacote,20.0.0,node_modules/pacote,True,False
parent-module,1.0.1,node_modules/parent-module,True,False
parse-json,5.2.0,node_modules/parse-json,True,False
parse-node-version,1.0.1,node_modules/parse-node-version,True,False
parse5,7.2.1,node_modules/parse5,False,False
parse5-html-rewriting-stream,7.0.0,node_modules/parse5-html-rewriting-stream,True,False
parse5-sax-parser,7.0.0,node_modules/parse5-sax-parser,True,False
parseurl,1.3.3,node_modules/parseurl,True,False
path-exists,5.0.0,node_modules/path-exists,True,False
path-is-absolute,1.0.1,node_modules/path-is-absolute,True,False
path-key,3.1.1,node_modules/path-key,True,False
path-parse,1.0.7,node_modules/path-parse,True,False
path-scurry,1.11.1,node_modules/path-scurry,True,False
path-to-regexp,0.1.12,node_modules/path-to-regexp,True,False
path-type,5.0.0,node_modules/path-type,True,False
picocolors,1.1.1,node_modules/picocolors,True,False
pify,4.0.1,node_modules/pify,True,True
pify,2.3.0,node_modules/read-cache/node_modules/pify,True,False
pirates,4.0.6,node_modules/pirates,True,False
piscina,4.7.0,node_modules/piscina,True,False
pkg-dir,7.0.0,node_modules/pkg-dir,True,False
postcss-import,15.1.0,node_modules/postcss-import,True,False
postcss-js,4.0.1,node_modules/postcss-js,True,False
postcss-load-config,4.0.2,node_modules/postcss-load-config,True,False
postcss-loader,8.1.1,node_modules/postcss-loader,True,False
postcss-media-query-parser,0.2.3,node_modules/postcss-media-query-parser,True,False
postcss-modules-extract-imports,3.1.0,node_modules/postcss-modules-extract-imports,True,False
postcss-modules-local-by-default,4.2.0,node_modules/postcss-modules-local-by-default,True,False
postcss-modules-scope,3.2.1,node_modules/postcss-modules-scope,True,False
postcss-modules-values,4.0.0,node_modules/postcss-modules-values,True,False
postcss-nested,6.2.0,node_modules/postcss-nested,True,False
postcss-selector-parser,6.1.2,node_modules/postcss-nested/node_modules/postcss-selector-parser,True,False
postcss-selector-parser,7.0.0,node_modules/postcss-selector-parser,True,False
postcss-selector-parser,6.1.2,node_modules/tailwindcss/node_modules/postcss-selector-parser,True,False
postcss-value-parser,4.2.0,node_modules/postcss-value-parser,True,False
proc-log,5.0.0,node_modules/proc-log,True,False
process-nextick-args,2.0.1,node_modules/process-nextick-args,True,False
promise-inflight,1.0.1,node_modules/promise-inflight,True,False
promise-retry,2.0.1,node_modules/promise-retry,True,False
proxy-addr,2.0.7,node_modules/proxy-addr,True,False
prr,1.0.1,node_modules/prr,True,True
punycode,1.4.1,node_modules/punycode,True,False
punycode,2.3.1,node_modules/uri-js/node_modules/punycode,True,False
qjobs,1.2.0,node_modules/qjobs,True,False
qs,6.13.0,node_modules/qs,True,False
queue-microtask,1.2.3,node_modules/queue-microtask,True,False
randombytes,2.1.0,node_modules/randombytes,True,False
range-parser,1.2.1,node_modules/range-parser,True,False
raw-body,2.5.2,node_modules/raw-body,True,False
read-cache,1.0.0,node_modules/read-cache,True,False
reflect-metadata,0.2.2,node_modules/reflect-metadata,True,False
regenerate,1.4.2,node_modules/regenerate,True,False
regenerate-unicode-properties,10.2.0,node_modules/regenerate-unicode-properties,True,False
regenerator-runtime,0.14.1,node_modules/regenerator-runtime,True,False
regenerator-transform,0.15.2,node_modules/regenerator-transform,True,False
regex-parser,2.3.0,node_modules/regex-parser,True,False
regexpu-core,6.2.0,node_modules/regexpu-core,True,False
regjsgen,0.8.0,node_modules/regjsgen,True,False
regjsparser,0.12.0,node_modules/regjsparser,True,False
require-directory,2.1.1,node_modules/require-directory,True,False
require-from-string,2.0.2,node_modules/require-from-string,True,False
requires-port,1.0.0,node_modules/requires-port,True,False
resolve,1.22.8,node_modules/resolve,True,False
resolve-from,4.0.0,node_modules/resolve-from,True,False
resolve-url-loader,5.0.0,node_modules/resolve-url-loader,True,False
reusify,1.0.4,node_modules/reusify,True,False
rfc4648,1.5.4,node_modules/rfc4648,False,False
rfdc,1.4.1,node_modules/rfdc,True,False
rollup,4.26.0,node_modules/rollup,True,False
run-applescript,7.0.0,node_modules/run-applescript,True,False
run-parallel,1.2.0,node_modules/run-parallel,True,False
rxjs,7.8.1,node_modules/rxjs,False,False
safe-regex-test,1.1.0,node_modules/safe-regex-test,True,False
safer-buffer,2.1.2,node_modules/safer-buffer,True,False
sass,1.80.7,node_modules/sass,True,False
sass-loader,16.0.3,node_modules/sass-loader,True,False
sax,1.4.1,node_modules/sax,True,True
schema-utils,4.3.0,node_modules/schema-utils,True,False
schema-utils,3.3.0,node_modules/webpack/node_modules/schema-utils,True,False
select-hose,2.0.0,node_modules/select-hose,True,False
selfsigned,2.4.1,node_modules/selfsigned,True,False
send,0.19.0,node_modules/send,True,False
serialize-javascript,6.0.2,node_modules/serialize-javascript,True,False
serve-index,1.9.1,node_modules/serve-index,True,False
setprototypeof,1.1.0,node_modules/serve-index/node_modules/setprototypeof,True,False
setprototypeof,1.2.0,node_modules/setprototypeof,True,False
serve-static,1.16.2,node_modules/serve-static,True,False
shallow-clone,3.0.1,node_modules/shallow-clone,True,False
shebang-command,2.0.0,node_modules/shebang-command,True,False
shebang-regex,3.0.0,node_modules/shebang-regex,True,False
shell-quote,1.8.2,node_modules/shell-quote,True,False
side-channel,1.1.0,node_modules/side-channel,True,False
side-channel-list,1.0.0,node_modules/side-channel-list,True,False
side-channel-map,1.0.1,node_modules/side-channel-map,True,False
side-channel-weakmap,1.0.2,node_modules/side-channel-weakmap,True,False
sigstore,3.0.0,node_modules/sigstore,True,False
slash,5.1.0,node_modules/slash,True,False
smart-buffer,4.2.0,node_modules/smart-buffer,True,False
socket.io,4.8.1,node_modules/socket.io,True,False
socket.io-adapter,2.5.5,node_modules/socket.io-adapter,True,False
socket.io-parser,4.2.4,node_modules/socket.io-parser,True,False
sockjs,0.3.24,node_modules/sockjs,True,False
socks,2.8.3,node_modules/socks,True,False
socks-proxy-agent,8.0.5,node_modules/socks-proxy-agent,True,False
source-map-js,1.2.1,node_modules/source-map-js,True,False
source-map-loader,5.0.0,node_modules/source-map-loader,True,False
source-map-support,0.5.21,node_modules/source-map-support,True,False
spdx-correct,3.2.0,node_modules/spdx-correct,True,False
spdx-exceptions,2.5.0,node_modules/spdx-exceptions,True,False
spdx-expression-parse,3.0.1,node_modules/spdx-expression-parse,True,False
spdx-license-ids,3.0.20,node_modules/spdx-license-ids,True,False
spdy,4.0.2,node_modules/spdy,True,False
spdy-transport,3.0.0,node_modules/spdy-transport,True,False
sprintf-js,1.1.3,node_modules/sprintf-js,True,False
ssri,12.0.0,node_modules/ssri,True,False
streamroller,3.1.5,node_modules/streamroller,True,False
sucrase,3.35.0,node_modules/sucrase,True,False
supports-preserve-symlinks-flag,1.0.0,node_modules/supports-preserve-symlinks-flag,True,False
symbol-observable,4.0.0,node_modules/symbol-observable,True,False
tailwindcss,3.4.17,node_modules/tailwindcss,True,False
tapable,2.2.1,node_modules/tapable,True,False
terser,5.36.0,node_modules/terser,True,False
terser-webpack-plugin,5.3.11,node_modules/terser-webpack-plugin,True,False
thenify,3.3.1,node_modules/thenify,True,False
thenify-all,1.6.0,node_modules/thenify-all,True,False
thingies,1.21.0,node_modules/thingies,True,False
thunky,1.1.0,node_modules/thunky,True,False
to-regex-range,5.0.1,node_modules/to-regex-range,True,False
toidentifier,1.0.1,node_modules/toidentifier,True,False
tree-dump,1.0.2,node_modules/tree-dump,True,False
tree-kill,1.2.2,node_modules/tree-kill,True,False
ts-interface-checker,0.1.13,node_modules/ts-interface-checker,True,False
tslib,2.8.1,node_modules/tslib,False,False
tuf-js,3.0.1,node_modules/tuf-js,True,False
type-fest,0.21.3,node_modules/type-fest,True,False
type-is,1.6.18,node_modules/type-is,True,False
typed-assert,1.0.9,node_modules/typed-assert,True,False
typescript,5.6.3,node_modules/typescript,True,False
ua-parser-js,0.7.40,node_modules/ua-parser-js,True,False
undici-types,6.20.0,node_modules/undici-types,True,False
unicode-canonical-property-names-ecmascript,2.0.1,node_modules/unicode-canonical-property-names-ecmascript,True,False
unicode-match-property-ecmascript,2.0.0,node_modules/unicode-match-property-ecmascript,True,False
unicode-match-property-value-ecmascript,2.2.0,node_modules/unicode-match-property-value-ecmascript,True,False
unicode-property-aliases-ecmascript,2.1.0,node_modules/unicode-property-aliases-ecmascript,True,False
unicorn-magic,0.1.0,node_modules/unicorn-magic,True,False
unique-filename,4.0.0,node_modules/unique-filename,True,False
unique-slug,5.0.0,node_modules/unique-slug,True,False
universalify,0.1.2,node_modules/universalify,True,False
unpipe,1.0.0,node_modules/unpipe,True,False
update-browserslist-db,1.1.1,node_modules/update-browserslist-db,True,False
uri-js,4.4.1,node_modules/uri-js,True,False
util-deprecate,1.0.2,node_modules/util-deprecate,True,False
utils-merge,1.0.1,node_modules/utils-merge,True,False
uuid,8.3.2,node_modules/uuid,True,False
validate-npm-package-license,3.0.4,node_modules/validate-npm-package-license,True,False
validate-npm-package-name,6.0.0,node_modules/validate-npm-package-name,True,False
vary,1.1.2,node_modules/vary,True,False
vite,5.4.11,node_modules/vite,True,False
void-elements,2.0.1,node_modules/void-elements,True,False
watchpack,2.4.2,node_modules/watchpack,True,False
wbuf,1.7.3,node_modules/wbuf,True,False
wcwidth,1.0.1,node_modules/wcwidth,True,False
weak-lru-cache,1.2.2,node_modules/weak-lru-cache,True,True
webpack,5.96.1,node_modules/webpack,True,False
webpack-dev-middleware,7.4.2,node_modules/webpack-dev-middleware,True,False
webpack-dev-server,5.1.0,node_modules/webpack-dev-server,True,False
ws,8.18.0,node_modules/webpack-dev-server/node_modules/ws,True,False
ws,8.17.1,node_modules/ws,True,False
webpack-merge,6.0.1,node_modules/webpack-merge,True,False
webpack-sources,3.2.3,node_modules/webpack-sources,True,False
webpack-subresource-integrity,5.1.0,node_modules/webpack-subresource-integrity,True,False
websocket-driver,0.7.4,node_modules/websocket-driver,True,False
websocket-extensions,0.1.4,node_modules/websocket-extensions,True,False
wildcard,2.0.1,node_modules/wildcard,True,False
wrappy,1.0.2,node_modules/wrappy,True,False
y18n,5.0.8,node_modules/y18n,True,False
yaml,2.6.1,node_modules/yaml,True,False
yocto-queue,1.1.1,node_modules/yocto-queue,True,False
yoctocolors-cjs,2.1.2,node_modules/yoctocolors-cjs,True,False
zone.js,0.15.0,node_modules/zone.js,False,False
